id;name;address;image;image_content_type
1;Refined infrastructures;transmit SMTP;../fake-data/blob/hipster.png;image/png
2;Car interface;service-desk Turkmenistan;../fake-data/blob/hipster.png;image/png
3;Generic;generating Division Netherlands Antilles;../fake-data/blob/hipster.png;image/png
4;District Usability Denar;Human Chief;../fake-data/blob/hipster.png;image/png
5;withdrawal Organized user-centric;leading edge bus;../fake-data/blob/hipster.png;image/png
6;Response;engineer Cheese sensor;../fake-data/blob/hipster.png;image/png
7;architecture;parse architectures hierarchy;../fake-data/blob/hipster.png;image/png
8;definition multi-byte Designer;Administrator;../fake-data/blob/hipster.png;image/png
9;Ergonomic solutions;Frozen Lane systems;../fake-data/blob/hipster.png;image/png
10;Branding;Heard Island and McDonald Islands Regional Planner;../fake-data/blob/hipster.png;image/png
